esquerdaTopo;meioTopo;direitaTopo;esquerdaCentro;meioCentro;direitaCentro;esquerdaBaixo;meioBaixo;direitaBaixo;Resultado
1;1;1;1;0;0;1;0;0;1
1;1;1;1;0;0;0;1;0;1
1;1;1;1;0;0;0;0;1;1
1;1;1;1;0;0;0;-1;-1;1
1;1;1;1;0;0;-1;0;-1;1
1;1;1;1;0;0;-1;-1;0;1
1;1;1;1;0;-1;0;0;-1;1
1;1;1;1;0;-1;0;-1;0;1
1;1;1;1;0;-1;-1;0;0;1
1;1;1;1;-1;0;0;0;-1;1
1;1;1;1;-1;0;0;-1;0;1
1;1;1;1;-1;0;-1;0;0;1
1;1;1;0;1;0;1;0;0;1
1;1;1;0;1;0;0;1;0;1
1;1;1;0;1;0;0;0;1;1
1;1;1;0;1;0;0;-1;-1;1
1;1;1;0;1;0;-1;0;-1;1
1;1;1;0;1;0;-1;-1;0;1
1;1;1;0;1;-1;0;0;-1;1
1;1;1;0;1;-1;0;-1;0;1
1;1;1;0;1;-1;-1;0;0;1
1;1;1;0;0;1;1;0;0;1
1;1;1;0;0;1;0;1;0;1
1;1;1;0;0;1;0;0;1;1
1;1;1;0;0;1;0;-1;-1;1
1;1;1;0;0;1;-1;0;-1;1
1;1;1;0;0;1;-1;-1;0;1
1;1;1;0;0;-1;1;0;-1;1
1;1;1;0;0;-1;1;-1;0;1
1;1;1;0;0;-1;0;1;-1;1
1;1;1;0;0;-1;0;-1;1;1
1;1;1;0;0;-1;-1;1;0;1
1;1;1;0;0;-1;-1;0;1;1
1;1;1;0;0;-1;-1;-1;-1;1
1;1;1;0;-1;1;0;0;-1;1
1;1;1;0;-1;1;0;-1;0;1
1;1;1;0;-1;1;-1;0;0;1
1;1;1;0;-1;0;1;0;-1;1
1;1;1;0;-1;0;1;-1;0;1
1;1;1;0;-1;0;0;1;-1;1
1;1;1;0;-1;0;0;-1;1;1
1;1;1;0;-1;0;-1;1;0;1
1;1;1;0;-1;0;-1;0;1;1
1;1;1;0;-1;0;-1;-1;-1;1
1;1;1;0;-1;-1;1;0;0;1
1;1;1;0;-1;-1;0;1;0;1
1;1;1;0;-1;-1;0;0;1;1
1;1;1;0;-1;-1;0;-1;-1;1
1;1;1;0;-1;-1;-1;0;-1;1
1;1;1;0;-1;-1;-1;-1;0;1
1;1;1;-1;1;0;0;0;-1;1
1;1;1;-1;1;0;0;-1;0;1
1;1;1;-1;1;0;-1;0;0;1
1;1;1;-1;0;1;0;0;-1;1
1;1;1;-1;0;1;0;-1;0;1
1;1;1;-1;0;1;-1;0;0;1
1;1;1;-1;0;0;1;0;-1;1
1;1;1;-1;0;0;1;-1;0;1
1;1;1;-1;0;0;0;1;-1;1
1;1;1;-1;0;0;0;-1;1;1
1;1;1;-1;0;0;-1;1;0;1
1;1;1;-1;0;0;-1;0;1;1
1;1;1;-1;0;0;-1;-1;-1;1
1;1;1;-1;0;-1;1;0;0;1
1;1;1;-1;0;-1;0;1;0;1
1;1;1;-1;0;-1;0;0;1;1
1;1;1;-1;0;-1;0;-1;-1;1
1;1;1;-1;0;-1;-1;0;-1;1
1;1;1;-1;0;-1;-1;-1;0;1
1;1;1;-1;-1;0;1;0;0;1
1;1;1;-1;-1;0;0;1;0;1
1;1;1;-1;-1;0;0;0;1;1
1;1;1;-1;-1;0;0;-1;-1;1
1;1;1;-1;-1;0;-1;0;-1;1
1;1;1;-1;-1;0;-1;-1;0;1
1;1;1;-1;-1;-1;0;0;-1;1
1;1;1;-1;-1;-1;0;-1;0;1
1;1;1;-1;-1;-1;-1;0;0;1
1;1;0;1;1;0;0;0;1;1
1;1;0;1;0;1;1;0;0;1
1;1;0;1;0;0;1;0;1;1
1;1;0;1;0;0;1;-1;-1;1
1;1;0;1;0;-1;1;0;-1;1
1;1;0;1;0;-1;1;-1;0;1
1;1;0;1;-1;0;1;0;-1;1
1;1;0;1;-1;-1;1;0;0;1
1;1;0;0;1;1;0;1;0;1
1;1;0;0;1;1;0;0;1;1
1;1;0;0;1;0;1;0;1;1
1;1;0;0;1;0;0;1;1;1
1;1;0;0;1;0;-1;1;-1;1
1;1;0;0;1;0;-1;-1;1;1
1;1;0;0;1;-1;0;1;-1;1
1;1;0;0;1;-1;0;-1;1;1
1;1;0;0;1;-1;-1;1;0;1
1;1;0;0;1;-1;-1;0;1;1
1;1;0;-1;1;0;0;1;-1;1
1;1;0;-1;1;0;0;-1;1;1
1;1;0;-1;1;0;-1;0;1;1
1;1;0;-1;1;-1;0;1;0;1
1;1;0;-1;1;-1;0;0;1;1
1;1;-1;1;0;0;1;0;-1;1
1;1;-1;1;0;0;1;-1;0;1
1;1;-1;1;0;-1;1;0;0;1
1;1;-1;1;-1;0;1;0;0;1
1;1;-1;0;1;0;0;1;-1;1
1;1;-1;0;1;0;0;-1;1;1
1;1;-1;0;1;0;-1;1;0;1
1;1;-1;0;1;0;-1;0;1;1
1;1;-1;0;1;-1;0;1;0;1
1;1;-1;0;1;-1;0;0;1;1
1;1;-1;-1;1;0;0;1;0;1
1;1;-1;-1;1;0;0;0;1;1
1;0;1;1;1;0;1;0;0;1
1;0;1;1;1;0;0;0;1;1
1;0;1;1;0;0;1;1;0;1
1;0;1;1;0;0;1;-1;-1;1
1;0;1;1;0;-1;1;-1;0;1
1;0;1;1;-1;0;1;0;-1;1
1;0;1;1;-1;0;1;-1;0;1
1;0;1;1;-1;-1;1;0;0;1
1;0;1;0;1;1;1;0;0;1
1;0;1;0;1;1;0;0;1;1
1;0;1;0;1;0;1;1;0;1
1;0;1;0;1;0;1;0;1;1
1;0;1;0;1;0;1;-1;-1;1
1;0;1;0;1;0;0;1;1;1
1;0;1;0;1;0;-1;-1;1;1
1;0;1;0;1;-1;1;0;-1;1
1;0;1;0;1;-1;1;-1;0;1
1;0;1;0;1;-1;0;-1;1;1
1;0;1;0;1;-1;-1;0;1;1
1;0;1;0;0;1;0;1;1;1
1;0;1;0;0;1;-1;-1;1;1
1;0;1;0;-1;1;0;-1;1;1
1;0;1;0;-1;1;-1;0;1;1
1;0;1;-1;1;0;1;0;-1;1
1;0;1;-1;1;0;1;-1;0;1
1;0;1;-1;1;0;0;-1;1;1
1;0;1;-1;1;0;-1;0;1;1
1;0;1;-1;1;-1;1;0;0;1
1;0;1;-1;1;-1;0;0;1;1
1;0;1;-1;0;1;0;-1;1;1
1;0;1;-1;-1;1;0;0;1;1
1;0;0;1;1;1;1;0;0;1
1;0;0;1;1;1;0;1;0;1
1;0;0;1;1;1;0;0;1;1
1;0;0;1;1;1;0;-1;-1;1
1;0;0;1;1;1;-1;0;-1;1
1;0;0;1;1;1;-1;-1;0;1
1;0;0;1;1;0;1;0;1;1
1;0;0;1;1;0;1;-1;-1;1
1;0;0;1;1;0;0;1;1;1
1;0;0;1;1;0;-1;-1;1;1
1;0;0;1;1;-1;1;0;-1;1
1;0;0;1;1;-1;1;-1;0;1
1;0;0;1;1;-1;0;-1;1;1
1;0;0;1;1;-1;-1;0;1;1
1;0;0;1;0;1;1;1;0;1
1;0;0;1;0;1;1;-1;-1;1
1;0;0;1;0;0;1;1;1;1
1;0;0;1;0;-1;1;1;-1;1
1;0;0;1;0;-1;1;-1;1;1
1;0;0;1;-1;1;1;0;-1;1
1;0;0;1;-1;1;1;-1;0;1
1;0;0;1;-1;0;1;1;-1;1
1;0;0;1;-1;0;1;-1;1;1
1;0;0;1;-1;-1;1;1;0;1
1;0;0;1;-1;-1;1;0;1;1
1;0;0;1;-1;-1;1;-1;-1;1
1;0;0;0;1;1;1;0;1;1
1;0;0;0;1;1;0;1;1;1
1;0;0;0;1;1;-1;-1;1;1
1;0;0;0;1;0;1;1;1;1
1;0;0;0;1;-1;1;-1;1;1
1;0;0;0;1;-1;-1;1;1;1
1;0;0;0;0;1;1;1;1;1
1;0;0;0;-1;-1;1;1;1;1
1;0;0;-1;1;1;0;-1;1;1
1;0;0;-1;1;1;-1;0;1;1
1;0;0;-1;1;0;1;-1;1;1
1;0;0;-1;1;0;-1;1;1;1
1;0;0;-1;1;-1;1;0;1;1
1;0;0;-1;1;-1;0;1;1;1
1;0;0;-1;1;-1;-1;-1;1;1
1;0;0;-1;0;-1;1;1;1;1
1;0;0;-1;-1;0;1;1;1;1
1;0;-1;1;1;1;0;0;-1;1
1;0;-1;1;1;1;0;-1;0;1
1;0;-1;1;1;1;-1;0;0;1
1;0;-1;1;1;0;1;0;-1;1
1;0;-1;1;1;0;1;-1;0;1
1;0;-1;1;1;0;0;-1;1;1
1;0;-1;1;1;0;-1;0;1;1
1;0;-1;1;1;-1;1;0;0;1
1;0;-1;1;1;-1;0;0;1;1
1;0;-1;1;0;1;1;-1;0;1
1;0;-1;1;0;0;1;1;-1;1
1;0;-1;1;0;0;1;-1;1;1
1;0;-1;1;0;-1;1;1;0;1
1;0;-1;1;0;-1;1;-1;-1;1
1;0;-1;1;-1;1;1;0;0;1
1;0;-1;1;-1;0;1;1;0;1
1;0;-1;1;-1;0;1;0;1;1
1;0;-1;1;-1;0;1;-1;-1;1
1;0;-1;1;-1;-1;1;0;-1;1
1;0;-1;1;-1;-1;1;-1;0;1
1;0;-1;0;1;1;0;-1;1;1
1;0;-1;0;1;1;-1;0;1;1
1;0;-1;0;1;0;1;-1;1;1
1;0;-1;0;1;0;-1;1;1;1
1;0;-1;0;1;-1;1;0;1;1
1;0;-1;0;1;-1;0;1;1;1
1;0;-1;0;1;-1;-1;-1;1;1
1;0;-1;0;0;-1;1;1;1;1
1;0;-1;0;-1;0;1;1;1;1
1;0;-1;-1;1;1;0;0;1;1
1;0;-1;-1;1;0;1;0;1;1
1;0;-1;-1;1;0;0;1;1;1
1;0;-1;-1;1;0;-1;-1;1;1
1;0;-1;-1;1;-1;0;-1;1;1
1;0;-1;-1;1;-1;-1;0;1;1
1;0;-1;-1;0;0;1;1;1;1
1;-1;1;1;0;0;1;0;-1;1
1;-1;1;1;0;0;1;-1;0;1
1;-1;1;1;0;-1;1;0;0;1
1;-1;1;1;-1;0;1;0;0;1
1;-1;1;0;1;0;1;0;-1;1
1;-1;1;0;1;0;1;-1;0;1
1;-1;1;0;1;0;0;-1;1;1
1;-1;1;0;1;0;-1;0;1;1
1;-1;1;0;1;-1;1;0;0;1
1;-1;1;0;1;-1;0;0;1;1
1;-1;1;0;0;1;0;-1;1;1
1;-1;1;0;0;1;-1;0;1;1
1;-1;1;0;-1;1;0;0;1;1
1;-1;1;-1;1;0;1;0;0;1
1;-1;1;-1;1;0;0;0;1;1
1;-1;1;-1;0;1;0;0;1;1
1;-1;0;1;1;1;0;0;-1;1
1;-1;0;1;1;1;0;-1;0;1
1;-1;0;1;1;1;-1;0;0;1
1;-1;0;1;1;0;1;0;-1;1
1;-1;0;1;1;0;0;-1;1;1
1;-1;0;1;1;0;-1;0;1;1
1;-1;0;1;1;-1;1;0;0;1
1;-1;0;1;1;-1;0;0;1;1
1;-1;0;1;0;1;1;0;-1;1
1;-1;0;1;0;1;1;-1;0;1
1;-1;0;1;0;0;1;1;-1;1
1;-1;0;1;0;0;1;-1;1;1
1;-1;0;1;0;-1;1;1;0;1
1;-1;0;1;0;-1;1;0;1;1
1;-1;0;1;0;-1;1;-1;-1;1
1;-1;0;1;-1;1;1;0;0;1
1;-1;0;1;-1;0;1;0;1;1
1;-1;0;1;-1;0;1;-1;-1;1
1;-1;0;1;-1;-1;1;0;-1;1
1;-1;0;1;-1;-1;1;-1;0;1
1;-1;0;0;1;1;0;-1;1;1
1;-1;0;0;1;1;-1;0;1;1
1;-1;0;0;1;0;1;-1;1;1
1;-1;0;0;1;0;-1;1;1;1
1;-1;0;0;1;-1;1;0;1;1
1;-1;0;0;1;-1;0;1;1;1
1;-1;0;0;1;-1;-1;-1;1;1
1;-1;0;0;0;-1;1;1;1;1
1;-1;0;0;-1;0;1;1;1;1
1;-1;0;-1;1;1;0;0;1;1
1;-1;0;-1;1;0;1;0;1;1
1;-1;0;-1;1;0;0;1;1;1
1;-1;0;-1;1;0;-1;-1;1;1
1;-1;0;-1;1;-1;0;-1;1;1
1;-1;0;-1;1;-1;-1;0;1;1
1;-1;0;-1;0;0;1;1;1;1
1;-1;-1;1;1;0;1;0;0;1
1;-1;-1;1;1;0;0;0;1;1
1;-1;-1;1;0;1;1;0;0;1
1;-1;-1;1;0;0;1;1;0;1
1;-1;-1;1;0;0;1;0;1;1
1;-1;-1;1;0;0;1;-1;-1;1
1;-1;-1;1;0;-1;1;0;-1;1
1;-1;-1;1;0;-1;1;-1;0;1
1;-1;-1;1;-1;0;1;0;-1;1
1;-1;-1;1;-1;0;1;-1;0;1
1;-1;-1;1;-1;-1;1;0;0;1
1;-1;-1;0;1;1;0;0;1;1
1;-1;-1;0;1;0;1;0;1;1
1;-1;-1;0;1;0;0;1;1;1
1;-1;-1;0;1;0;-1;-1;1;1
1;-1;-1;0;1;-1;0;-1;1;1
1;-1;-1;0;1;-1;-1;0;1;1
1;-1;-1;-1;1;0;0;-1;1;1
1;-1;-1;-1;1;0;-1;0;1;1
1;-1;-1;-1;1;-1;0;0;1;1
0;1;1;1;1;0;1;0;0;1
0;1;1;1;1;0;0;1;0;1
0;1;1;1;0;1;0;0;1;1
0;1;1;0;1;1;1;0;0;1
0;1;1;0;1;0;1;1;0;1
0;1;1;0;1;0;1;0;1;1
0;1;1;0;1;0;1;-1;-1;1
0;1;1;0;1;0;-1;1;-1;1
0;1;1;0;1;-1;1;0;-1;1
0;1;1;0;1;-1;1;-1;0;1
0;1;1;0;1;-1;-1;1;0;1
0;1;1;0;0;1;1;0;1;1
0;1;1;0;0;1;-1;-1;1;1
0;1;1;0;-1;1;-1;0;1;1
0;1;1;-1;1;0;1;0;-1;1
0;1;1;-1;1;0;1;-1;0;1
0;1;1;-1;1;0;0;1;-1;1
0;1;1;-1;1;0;-1;1;0;1
0;1;1;-1;1;-1;1;0;0;1
0;1;1;-1;1;-1;0;1;0;1
0;1;1;-1;0;1;0;-1;1;1
0;1;1;-1;0;1;-1;0;1;1
0;1;1;-1;-1;1;0;0;1;1
0;1;0;1;1;1;1;0;0;1
0;1;0;1;1;1;0;1;0;1
0;1;0;1;1;1;0;0;1;1
0;1;0;1;1;1;0;-1;-1;1
0;1;0;1;1;1;-1;0;-1;1
0;1;0;1;1;1;-1;-1;0;1
0;1;0;1;1;0;0;1;1;1
0;1;0;1;1;0;-1;1;-1;1
0;1;0;1;1;-1;0;1;-1;1
0;1;0;1;1;-1;-1;1;0;1
0;1;0;1;0;0;1;1;1;1
0;1;0;0;1;1;1;1;0;1
0;1;0;0;1;1;-1;1;-1;1
0;1;0;0;1;0;1;1;1;1
0;1;0;0;1;-1;1;1;-1;1
0;1;0;0;1;-1;-1;1;1;1
0;1;0;0;0;1;1;1;1;1
0;1;0;0;-1;-1;1;1;1;1
0;1;0;-1;1;1;0;1;-1;1
0;1;0;-1;1;1;-1;1;0;1
0;1;0;-1;1;0;1;1;-1;1
0;1;0;-1;1;0;-1;1;1;1
0;1;0;-1;1;-1;1;1;0;1
0;1;0;-1;1;-1;0;1;1;1
0;1;0;-1;1;-1;-1;1;-1;1
0;1;0;-1;0;-1;1;1;1;1
0;1;0;-1;-1;0;1;1;1;1
0;1;-1;1;1;1;0;0;-1;1
0;1;-1;1;1;1;0;-1;0;1
0;1;-1;1;1;1;-1;0;0;1
0;1;-1;1;1;0;0;1;-1;1
0;1;-1;1;1;0;-1;1;0;1
0;1;-1;1;1;-1;0;1;0;1
0;1;-1;0;1;1;-1;1;0;1
0;1;-1;0;1;0;1;1;-1;1
0;1;-1;0;1;0;-1;1;1;1
0;1;-1;0;1;-1;1;1;0;1
0;1;-1;0;1;-1;-1;1;-1;1
0;1;-1;0;0;-1;1;1;1;1
0;1;-1;0;-1;0;1;1;1;1
0;1;-1;-1;1;1;0;1;0;1
0;1;-1;-1;1;0;1;1;0;1
0;1;-1;-1;1;0;0;1;1;1
0;1;-1;-1;1;0;-1;1;-1;1
0;1;-1;-1;1;-1;0;1;-1;1
0;1;-1;-1;1;-1;-1;1;0;1
0;1;-1;-1;0;0;1;1;1;1
0;0;1;1;1;1;1;0;0;1
0;0;1;1;1;1;0;1;0;1
0;0;1;1;1;1;0;0;1;1
0;0;1;1;1;1;0;-1;-1;1
0;0;1;1;1;1;-1;0;-1;1
0;0;1;1;1;1;-1;-1;0;1
0;0;1;1;1;0;1;1;0;1
0;0;1;1;1;0;1;0;1;1
0;0;1;1;1;0;1;-1;-1;1
0;0;1;1;1;-1;1;0;-1;1
0;0;1;1;1;-1;1;-1;0;1
0;0;1;1;0;1;0;1;1;1
0;0;1;1;0;1;-1;-1;1;1
0;0;1;1;0;0;1;1;1;1
0;0;1;1;-1;1;0;-1;1;1
0;0;1;1;-1;1;-1;0;1;1
0;0;1;0;1;1;1;1;0;1
0;0;1;0;1;1;1;0;1;1
0;0;1;0;1;1;1;-1;-1;1
0;0;1;0;1;1;-1;-1;1;1
0;0;1;0;1;0;1;1;1;1
0;0;1;0;1;-1;1;1;-1;1
0;0;1;0;1;-1;1;-1;1;1
0;0;1;0;0;1;1;1;1;1
0;0;1;0;-1;1;1;-1;1;1
0;0;1;0;-1;1;-1;1;1;1
0;0;1;0;-1;-1;1;1;1;1
0;0;1;-1;1;1;1;0;-1;1
0;0;1;-1;1;1;1;-1;0;1
0;0;1;-1;1;1;0;-1;1;1
0;0;1;-1;1;1;-1;0;1;1
0;0;1;-1;1;0;1;1;-1;1
0;0;1;-1;1;0;1;-1;1;1
0;0;1;-1;1;-1;1;1;0;1
0;0;1;-1;1;-1;1;0;1;1
0;0;1;-1;1;-1;1;-1;-1;1
0;0;1;-1;0;1;1;-1;1;1
0;0;1;-1;0;1;-1;1;1;1
0;0;1;-1;0;-1;1;1;1;1
0;0;1;-1;-1;1;1;0;1;1
0;0;1;-1;-1;1;0;1;1;1
0;0;1;-1;-1;1;-1;-1;1;1
0;0;1;-1;-1;0;1;1;1;1
0;0;-1;1;1;1;1;0;-1;1
0;0;-1;1;1;1;1;-1;0;1
0;0;-1;1;1;1;0;1;-1;1
0;0;-1;1;1;1;0;-1;1;1
0;0;-1;1;1;1;-1;1;0;1
0;0;-1;1;1;1;-1;0;1;1
0;0;-1;1;1;1;-1;-1;-1;1
0;0;-1;1;0;-1;1;1;1;1
0;0;-1;1;-1;0;1;1;1;1
0;0;-1;0;1;-1;1;1;1;1
0;0;-1;0;-1;1;1;1;1;1
0;0;-1;-1;1;0;1;1;1;1
0;0;-1;-1;0;1;1;1;1;1
0;0;-1;-1;-1;-1;1;1;1;1
0;-1;1;1;1;1;0;0;-1;1
0;-1;1;1;1;1;0;-1;0;1
0;-1;1;1;1;1;-1;0;0;1
0;-1;1;1;1;0;1;0;-1;1
0;-1;1;1;1;0;1;-1;0;1
0;-1;1;1;1;-1;1;0;0;1
0;-1;1;1;0;1;0;-1;1;1
0;-1;1;1;0;1;-1;0;1;1
0;-1;1;1;-1;1;0;0;1;1
0;-1;1;0;1;1;1;0;-1;1
0;-1;1;0;1;1;1;-1;0;1
0;-1;1;0;1;1;-1;0;1;1
0;-1;1;0;1;0;1;1;-1;1
0;-1;1;0;1;0;1;-1;1;1
0;-1;1;0;1;-1;1;1;0;1
0;-1;1;0;1;-1;1;0;1;1
0;-1;1;0;1;-1;1;-1;-1;1
0;-1;1;0;0;1;1;-1;1;1
0;-1;1;0;0;1;-1;1;1;1
0;-1;1;0;0;-1;1;1;1;1
0;-1;1;0;-1;1;1;0;1;1
0;-1;1;0;-1;1;-1;-1;1;1
0;-1;1;0;-1;0;1;1;1;1
0;-1;1;-1;1;1;1;0;0;1
0;-1;1;-1;1;1;0;0;1;1
0;-1;1;-1;1;0;1;1;0;1
0;-1;1;-1;1;0;1;0;1;1
0;-1;1;-1;1;0;1;-1;-1;1
0;-1;1;-1;1;-1;1;0;-1;1
0;-1;1;-1;1;-1;1;-1;0;1
0;-1;1;-1;0;1;1;0;1;1
0;-1;1;-1;0;1;0;1;1;1
0;-1;1;-1;0;1;-1;-1;1;1
0;-1;1;-1;0;0;1;1;1;1
0;-1;1;-1;-1;1;0;-1;1;1
0;-1;1;-1;-1;1;-1;0;1;1
0;-1;0;1;1;1;1;0;-1;1
0;-1;0;1;1;1;1;-1;0;1
0;-1;0;1;1;1;0;1;-1;1
0;-1;0;1;1;1;0;-1;1;1
0;-1;0;1;1;1;-1;1;0;1
0;-1;0;1;1;1;-1;0;1;1
0;-1;0;1;1;1;-1;-1;-1;1
0;-1;0;1;0;-1;1;1;1;1
0;-1;0;1;-1;0;1;1;1;1
0;-1;0;0;1;-1;1;1;1;1
0;-1;0;0;-1;1;1;1;1;1
0;-1;0;-1;1;0;1;1;1;1
0;-1;0;-1;0;1;1;1;1;1
0;-1;0;-1;-1;-1;1;1;1;1
0;-1;-1;1;1;1;1;0;0;1
0;-1;-1;1;1;1;0;1;0;1
0;-1;-1;1;1;1;0;0;1;1
0;-1;-1;1;1;1;0;-1;-1;1
0;-1;-1;1;1;1;-1;0;-1;1
0;-1;-1;1;1;1;-1;-1;0;1
0;-1;-1;1;0;0;1;1;1;1
0;-1;-1;0;1;0;1;1;1;1
0;-1;-1;0;0;1;1;1;1;1
0;-1;-1;0;-1;-1;1;1;1;1
0;-1;-1;-1;0;-1;1;1;1;1
0;-1;-1;-1;-1;0;1;1;1;1
-1;1;1;0;1;0;1;0;-1;1
-1;1;1;0;1;0;1;-1;0;1
-1;1;1;0;1;0;0;1;-1;1
-1;1;1;0;1;0;-1;1;0;1
-1;1;1;0;1;-1;1;0;0;1
-1;1;1;0;1;-1;0;1;0;1
-1;1;1;0;0;1;0;-1;1;1
-1;1;1;0;0;1;-1;0;1;1
-1;1;1;0;-1;1;0;0;1;1
-1;1;1;-1;1;0;1;0;0;1
-1;1;1;-1;1;0;0;1;0;1
-1;1;1;-1;0;1;0;0;1;1
-1;1;0;1;1;1;0;0;-1;1
-1;1;0;1;1;1;0;-1;0;1
-1;1;0;1;1;1;-1;0;0;1
-1;1;0;1;1;0;0;1;-1;1
-1;1;0;1;1;-1;0;1;0;1
-1;1;0;0;1;1;0;1;-1;1
-1;1;0;0;1;1;-1;1;0;1
-1;1;0;0;1;0;1;1;-1;1
-1;1;0;0;1;0;-1;1;1;1
-1;1;0;0;1;-1;1;1;0;1
-1;1;0;0;1;-1;0;1;1;1
-1;1;0;0;1;-1;-1;1;-1;1
-1;1;0;0;0;-1;1;1;1;1
-1;1;0;0;-1;0;1;1;1;1
-1;1;0;-1;1;1;0;1;0;1
-1;1;0;-1;1;0;0;1;1;1
-1;1;0;-1;1;0;-1;1;-1;1
-1;1;0;-1;1;-1;0;1;-1;1
-1;1;0;-1;1;-1;-1;1;0;1
-1;1;0;-1;0;0;1;1;1;1
-1;1;-1;1;1;0;0;1;0;1
-1;1;-1;0;1;1;0;1;0;1
-1;1;-1;0;1;0;1;1;0;1
-1;1;-1;0;1;0;0;1;1;1
-1;1;-1;0;1;0;-1;1;-1;1
-1;1;-1;0;1;-1;0;1;-1;1
-1;1;-1;0;1;-1;-1;1;0;1
-1;1;-1;-1;1;0;0;1;-1;1
-1;1;-1;-1;1;0;-1;1;0;1
-1;1;-1;-1;1;-1;0;1;0;1
-1;0;1;1;1;1;0;0;-1;1
-1;0;1;1;1;1;0;-1;0;1
-1;0;1;1;1;1;-1;0;0;1
-1;0;1;1;1;0;1;0;-1;1
-1;0;1;1;1;0;1;-1;0;1
-1;0;1;1;1;-1;1;0;0;1
-1;0;1;1;0;1;0;-1;1;1
-1;0;1;1;-1;1;0;0;1;1
-1;0;1;0;1;1;1;0;-1;1
-1;0;1;0;1;1;1;-1;0;1
-1;0;1;0;1;1;0;-1;1;1
-1;0;1;0;1;1;-1;0;1;1
-1;0;1;0;1;0;1;1;-1;1
-1;0;1;0;1;0;1;-1;1;1
-1;0;1;0;1;-1;1;1;0;1
-1;0;1;0;1;-1;1;0;1;1
-1;0;1;0;1;-1;1;-1;-1;1
-1;0;1;0;0;1;1;-1;1;1
-1;0;1;0;0;1;-1;1;1;1
-1;0;1;0;0;-1;1;1;1;1
-1;0;1;0;-1;1;1;0;1;1
-1;0;1;0;-1;1;0;1;1;1
-1;0;1;0;-1;1;-1;-1;1;1
-1;0;1;0;-1;0;1;1;1;1
-1;0;1;-1;1;1;1;0;0;1
-1;0;1;-1;1;1;0;0;1;1
-1;0;1;-1;1;0;1;1;0;1
-1;0;1;-1;1;0;1;0;1;1
-1;0;1;-1;1;0;1;-1;-1;1
-1;0;1;-1;1;-1;1;0;-1;1
-1;0;1;-1;1;-1;1;-1;0;1
-1;0;1;-1;0;1;0;1;1;1
-1;0;1;-1;0;1;-1;-1;1;1
-1;0;1;-1;0;0;1;1;1;1
-1;0;1;-1;-1;1;0;-1;1;1
-1;0;1;-1;-1;1;-1;0;1;1
-1;0;0;1;1;1;1;0;-1;1
-1;0;0;1;1;1;1;-1;0;1
-1;0;0;1;1;1;0;1;-1;1
-1;0;0;1;1;1;0;-1;1;1
-1;0;0;1;1;1;-1;1;0;1
-1;0;0;1;1;1;-1;0;1;1
-1;0;0;1;1;1;-1;-1;-1;1
-1;0;0;1;0;-1;1;1;1;1
-1;0;0;1;-1;0;1;1;1;1
-1;0;0;0;1;-1;1;1;1;1
-1;0;0;0;-1;1;1;1;1;1
-1;0;0;-1;1;0;1;1;1;1
-1;0;0;-1;0;1;1;1;1;1
-1;0;0;-1;-1;-1;1;1;1;1
-1;0;-1;1;1;1;1;0;0;1
-1;0;-1;1;1;1;0;1;0;1
-1;0;-1;1;1;1;0;0;1;1
-1;0;-1;1;1;1;0;-1;-1;1
-1;0;-1;1;1;1;-1;0;-1;1
-1;0;-1;1;1;1;-1;-1;0;1
-1;0;-1;1;0;0;1;1;1;1
-1;0;-1;0;1;0;1;1;1;1
-1;0;-1;0;0;1;1;1;1;1
-1;0;-1;0;-1;-1;1;1;1;1
-1;0;-1;-1;0;-1;1;1;1;1
-1;0;-1;-1;-1;0;1;1;1;1
-1;-1;1;1;1;0;1;0;0;1
-1;-1;1;1;0;1;0;0;1;1
-1;-1;1;0;1;1;1;0;0;1
-1;-1;1;0;1;1;0;0;1;1
-1;-1;1;0;1;0;1;1;0;1
-1;-1;1;0;1;0;1;0;1;1
-1;-1;1;0;1;0;1;-1;-1;1
-1;-1;1;0;1;-1;1;0;-1;1
-1;-1;1;0;1;-1;1;-1;0;1
-1;-1;1;0;0;1;1;0;1;1
-1;-1;1;0;0;1;0;1;1;1
-1;-1;1;0;0;1;-1;-1;1;1
-1;-1;1;0;-1;1;0;-1;1;1
-1;-1;1;0;-1;1;-1;0;1;1
-1;-1;1;-1;1;0;1;0;-1;1
-1;-1;1;-1;1;0;1;-1;0;1
-1;-1;1;-1;1;-1;1;0;0;1
-1;-1;1;-1;0;1;0;-1;1;1
-1;-1;1;-1;0;1;-1;0;1;1
-1;-1;1;-1;-1;1;0;0;1;1
-1;-1;0;1;1;1;1;0;0;1
-1;-1;0;1;1;1;0;1;0;1
-1;-1;0;1;1;1;0;0;1;1
-1;-1;0;1;1;1;0;-1;-1;1
-1;-1;0;1;1;1;-1;0;-1;1
-1;-1;0;1;1;1;-1;-1;0;1
-1;-1;0;1;0;0;1;1;1;1
-1;-1;0;0;1;0;1;1;1;1
-1;-1;0;0;0;1;1;1;1;1
-1;-1;0;0;-1;-1;1;1;1;1
-1;-1;0;-1;0;-1;1;1;1;1
-1;-1;0;-1;-1;0;1;1;1;1
-1;-1;-1;1;1;1;0;0;-1;1
-1;-1;-1;1;1;1;0;-1;0;1
-1;-1;-1;1;1;1;-1;0;0;1
-1;-1;-1;0;0;-1;1;1;1;1
-1;-1;-1;0;-1;0;1;1;1;1
-1;-1;-1;-1;0;0;1;1;1;1
1;1;0;1;1;0;0;-1;0;0
1;1;0;1;1;0;-1;0;0;0
1;1;0;1;1;-1;0;0;0;0
1;1;0;1;0;1;0;0;-1;0
1;1;0;1;0;1;0;-1;0;0
1;1;0;1;0;0;0;1;-1;0
1;1;0;1;0;0;0;-1;1;0
1;1;0;1;0;0;-1;1;0;0
1;1;0;1;0;-1;0;1;0;0
1;1;0;1;0;-1;0;0;1;0
1;1;0;1;0;-1;0;-1;-1;0
1;1;0;1;-1;1;0;0;0;0
1;1;0;1;-1;0;0;1;0;0
1;1;0;1;-1;0;-1;-1;0;0
1;1;0;0;1;0;1;-1;0;0
1;1;0;0;0;1;0;1;-1;0
1;1;0;0;0;1;0;-1;1;0
1;1;0;0;0;0;1;1;-1;0
1;1;0;0;0;0;1;-1;1;0
1;1;0;0;0;0;-1;1;1;0
1;1;0;0;0;-1;0;1;1;0
1;1;0;0;-1;0;1;1;0;0
1;1;0;-1;1;1;0;0;0;0
1;1;0;-1;1;0;1;0;0;0
1;1;0;-1;1;0;-1;-1;0;0
1;1;0;-1;0;1;0;1;0;0
1;1;0;-1;0;1;0;0;1;0
1;1;0;-1;0;1;0;-1;-1;0
1;1;0;-1;0;0;1;1;0;0
1;1;0;-1;0;0;0;1;1;0
1;1;0;-1;0;-1;0;1;-1;0
1;1;0;-1;0;-1;0;-1;1;0
1;1;0;-1;-1;0;1;-1;0;0
1;1;0;-1;-1;0;-1;1;0;0
1;1;-1;1;1;0;0;0;0;0
1;1;-1;1;0;1;0;0;0;0
1;1;-1;1;-1;-1;0;0;0;0
1;1;-1;0;1;1;0;0;0;0
1;1;-1;0;0;0;1;1;0;0
1;1;-1;0;0;0;1;0;1;0
1;1;-1;0;0;0;1;-1;-1;0
1;1;-1;0;0;0;0;1;1;0
1;1;-1;0;0;0;-1;1;-1;0
1;1;-1;0;0;0;-1;-1;1;0
1;1;-1;-1;1;-1;0;0;0;0
1;1;-1;-1;-1;1;0;0;0;0
1;0;1;1;1;-1;0;0;0;0
1;0;1;1;0;1;0;0;-1;0
1;0;1;1;0;1;-1;0;0;0
1;0;1;1;0;0;-1;0;1;0
1;0;1;1;0;-1;0;0;1;0
1;0;1;1;0;-1;-1;0;-1;0
1;0;1;1;-1;1;0;0;0;0
1;0;1;0;0;1;1;0;-1;0
1;0;1;0;0;0;1;1;-1;0
1;0;1;0;0;0;1;-1;1;0
1;0;1;0;0;0;-1;1;1;0
1;0;1;0;0;-1;1;0;1;0
1;0;1;-1;1;1;0;0;0;0
1;0;1;-1;0;1;1;0;0;0
1;0;1;-1;0;1;-1;0;-1;0
1;0;1;-1;0;0;1;0;1;0
1;0;1;-1;0;-1;1;0;-1;0
1;0;1;-1;0;-1;-1;0;1;0
1;0;0;1;1;0;-1;1;0;0
1;0;0;1;0;1;0;1;-1;0
1;0;0;1;0;1;0;-1;1;0
1;0;0;1;0;1;-1;0;1;0
1;0;0;1;0;-1;0;1;1;0
1;0;0;-1;1;0;1;1;0;0
1;0;0;-1;0;1;1;0;1;0
1;0;0;-1;0;1;0;1;1;0
1;0;-1;1;0;1;0;0;1;0
1;0;-1;1;0;1;-1;0;-1;0
1;0;-1;1;0;-1;-1;0;1;0
1;0;-1;0;0;1;1;0;1;0
1;0;-1;-1;0;1;1;0;-1;0
1;0;-1;-1;0;1;-1;0;1;0
1;0;-1;-1;0;-1;1;0;1;0
1;-1;1;1;1;0;0;0;0;0
1;-1;1;1;0;1;0;0;0;0
1;-1;1;1;-1;-1;0;0;0;0
1;-1;1;0;1;1;0;0;0;0
1;-1;1;0;0;0;1;1;0;0
1;-1;1;0;0;0;1;0;1;0
1;-1;1;0;0;0;1;-1;-1;0
1;-1;1;0;0;0;0;1;1;0
1;-1;1;0;0;0;-1;1;-1;0
1;-1;1;0;0;0;-1;-1;1;0
1;-1;1;-1;1;-1;0;0;0;0
1;-1;1;-1;-1;1;0;0;0;0
1;-1;0;1;1;0;0;1;0;0
1;-1;0;1;1;0;-1;-1;0;0
1;-1;0;1;0;1;0;1;0;0
1;-1;0;1;0;1;0;0;1;0
1;-1;0;1;0;1;0;-1;-1;0
1;-1;0;1;0;0;0;1;1;0
1;-1;0;1;0;-1;0;1;-1;0
1;-1;0;1;0;-1;0;-1;1;0
1;-1;0;1;-1;0;-1;1;0;0
1;-1;0;0;1;0;1;1;0;0
1;-1;0;0;0;1;0;1;1;0
1;-1;0;-1;1;0;1;-1;0;0
1;-1;0;-1;1;0;-1;1;0;0
1;-1;0;-1;0;1;0;1;-1;0
1;-1;0;-1;0;1;0;-1;1;0
1;-1;0;-1;0;-1;0;1;1;0
1;-1;0;-1;-1;0;1;1;0;0
1;-1;-1;1;1;-1;0;0;0;0
1;-1;-1;1;-1;1;0;0;0;0
1;-1;-1;0;0;0;1;1;-1;0
1;-1;-1;0;0;0;1;-1;1;0
1;-1;-1;0;0;0;-1;1;1;0
1;-1;-1;-1;1;1;0;0;0;0
0;1;1;1;1;-1;0;0;0;0
0;1;1;1;0;1;0;-1;0;0
0;1;1;1;0;1;-1;0;0;0
0;1;1;1;0;0;1;-1;0;0
0;1;1;1;0;0;-1;1;0;0
0;1;1;1;0;-1;1;0;0;0
0;1;1;1;0;-1;0;1;0;0
0;1;1;1;0;-1;-1;-1;0;0
0;1;1;1;-1;1;0;0;0;0
0;1;1;0;1;1;0;0;-1;0
0;1;1;0;1;1;0;-1;0;0
0;1;1;0;1;0;0;-1;1;0
0;1;1;0;1;-1;0;0;1;0
0;1;1;0;1;-1;0;-1;-1;0
0;1;1;0;0;1;1;-1;0;0
0;1;1;0;0;1;0;1;-1;0
0;1;1;0;0;1;-1;1;0;0
0;1;1;0;0;0;1;1;-1;0
0;1;1;0;0;0;1;-1;1;0
0;1;1;0;0;0;-1;1;1;0
0;1;1;0;0;-1;1;1;0;0
0;1;1;0;0;-1;0;1;1;0
0;1;1;0;-1;1;0;1;0;0
0;1;1;0;-1;1;0;-1;-1;0
0;1;1;0;-1;0;0;1;1;0
0;1;1;0;-1;-1;0;1;-1;0
0;1;1;0;-1;-1;0;-1;1;0
0;1;1;-1;1;1;0;0;0;0
0;1;1;-1;0;1;1;0;0;0
0;1;1;-1;0;1;0;1;0;0
0;1;1;-1;0;1;-1;-1;0;0
0;1;1;-1;0;0;1;1;0;0
0;1;1;-1;0;-1;1;-1;0;0
0;1;1;-1;0;-1;-1;1;0;0
0;1;0;1;1;0;1;-1;0;0
0;1;0;1;0;1;1;-1;0;0
0;1;0;1;0;1;0;1;-1;0
0;1;0;1;0;1;0;-1;1;0
0;1;0;1;0;1;-1;1;0;0
0;1;0;1;0;-1;1;1;0;0
0;1;0;1;0;-1;0;1;1;0
0;1;0;1;-1;0;1;1;0;0
0;1;0;0;1;1;0;-1;1;0
0;1;0;0;-1;1;0;1;1;0
0;1;0;-1;0;1;1;1;0;0
0;1;0;-1;0;1;0;1;1;0
0;1;-1;1;0;1;1;0;0;0
0;1;-1;1;0;1;0;1;0;0
0;1;-1;1;0;1;-1;-1;0;0
0;1;-1;1;0;0;1;1;0;0
0;1;-1;1;0;-1;1;-1;0;0
0;1;-1;1;0;-1;-1;1;0;0
0;1;-1;0;1;1;0;0;1;0
0;1;-1;0;1;1;0;-1;-1;0
0;1;-1;0;1;-1;0;-1;1;0
0;1;-1;0;0;1;1;1;0;0
0;1;-1;0;0;1;0;1;1;0
0;1;-1;0;-1;1;0;1;-1;0
0;1;-1;0;-1;1;0;-1;1;0
0;1;-1;0;-1;-1;0;1;1;0
0;1;-1;-1;0;1;1;-1;0;0
0;1;-1;-1;0;1;-1;1;0;0
0;1;-1;-1;0;-1;1;1;0;0
0;0;1;1;0;1;1;0;-1;0
0;0;1;1;0;1;1;-1;0;0
0;0;1;1;0;1;-1;1;0;0
0;0;1;1;0;-1;1;1;0;0
0;0;1;1;0;-1;1;0;1;0
0;0;1;0;1;1;0;1;-1;0
0;0;1;0;1;-1;0;1;1;0
0;0;1;-1;0;1;1;1;0;0
0;0;0;1;1;0;1;1;-1;0
0;0;0;1;1;0;1;-1;1;0
0;0;0;1;1;0;-1;1;1;0
0;0;0;1;1;-1;1;1;0;0
0;0;0;1;1;-1;1;0;1;0
0;0;0;1;1;-1;1;-1;-1;0
0;0;0;1;1;-1;0;1;1;0
0;0;0;1;1;-1;-1;1;-1;0
0;0;0;1;1;-1;-1;-1;1;0
0;0;0;1;0;1;1;1;-1;0
0;0;0;1;0;1;1;-1;1;0
0;0;0;1;0;1;-1;1;1;0
0;0;0;1;-1;1;1;1;0;0
0;0;0;1;-1;1;1;0;1;0
0;0;0;1;-1;1;1;-1;-1;0
0;0;0;1;-1;1;0;1;1;0
0;0;0;1;-1;1;-1;1;-1;0
0;0;0;1;-1;1;-1;-1;1;0
0;0;0;1;-1;-1;1;1;-1;0
0;0;0;1;-1;-1;1;-1;1;0
0;0;0;1;-1;-1;-1;1;1;0
0;0;0;0;1;1;1;1;-1;0
0;0;0;0;1;1;1;-1;1;0
0;0;0;0;1;1;-1;1;1;0
0;0;0;-1;1;1;1;1;0;0
0;0;0;-1;1;1;1;0;1;0
0;0;0;-1;1;1;1;-1;-1;0
0;0;0;-1;1;1;0;1;1;0
0;0;0;-1;1;1;-1;1;-1;0
0;0;0;-1;1;1;-1;-1;1;0
0;0;0;-1;1;-1;1;1;-1;0
0;0;0;-1;1;-1;1;-1;1;0
0;0;0;-1;1;-1;-1;1;1;0
0;0;0;-1;-1;1;1;1;-1;0
0;0;0;-1;-1;1;1;-1;1;0
0;0;0;-1;-1;1;-1;1;1;0
0;0;-1;1;0;1;1;1;0;0
0;0;-1;1;0;1;1;0;1;0
0;0;-1;0;1;1;0;1;1;0
0;-1;1;1;0;1;1;0;0;0
0;-1;1;1;0;1;0;1;0;0
0;-1;1;1;0;1;-1;-1;0;0
0;-1;1;1;0;0;1;1;0;0
0;-1;1;1;0;-1;1;-1;0;0
0;-1;1;1;0;-1;-1;1;0;0
0;-1;1;0;1;1;0;1;0;0
0;-1;1;0;1;1;0;-1;-1;0
0;-1;1;0;1;0;0;1;1;0
0;-1;1;0;1;-1;0;1;-1;0
0;-1;1;0;1;-1;0;-1;1;0
0;-1;1;0;0;1;1;1;0;0
0;-1;1;0;-1;1;0;1;-1;0
0;-1;1;0;-1;-1;0;1;1;0
0;-1;1;-1;0;1;1;-1;0;0
0;-1;1;-1;0;1;-1;1;0;0
0;-1;1;-1;0;-1;1;1;0;0
0;-1;0;1;1;0;1;1;0;0
0;-1;0;1;0;1;1;1;0;0
0;-1;0;1;0;1;0;1;1;0
0;-1;0;0;1;1;0;1;1;0
0;-1;-1;1;0;1;1;-1;0;0
0;-1;-1;1;0;1;-1;1;0;0
0;-1;-1;1;0;-1;1;1;0;0
0;-1;-1;0;1;1;0;1;-1;0
0;-1;-1;0;1;1;0;-1;1;0
0;-1;-1;0;1;-1;0;1;1;0
0;-1;-1;0;-1;1;0;1;1;0
0;-1;-1;-1;0;1;1;1;0;0
-1;1;1;1;1;0;0;0;0;0
-1;1;1;1;0;1;0;0;0;0
-1;1;1;1;-1;-1;0;0;0;0
-1;1;1;0;1;1;0;0;0;0
-1;1;1;0;0;0;1;1;0;0
-1;1;1;0;0;0;1;0;1;0
-1;1;1;0;0;0;1;-1;-1;0
-1;1;1;0;0;0;0;1;1;0
-1;1;1;0;0;0;-1;1;-1;0
-1;1;1;0;0;0;-1;-1;1;0
-1;1;1;-1;1;-1;0;0;0;0
-1;1;1;-1;-1;1;0;0;0;0
-1;1;0;1;1;0;1;0;0;0
-1;1;0;1;1;0;-1;-1;0;0
-1;1;0;1;0;1;0;1;0;0
-1;1;0;1;0;1;0;0;1;0
-1;1;0;1;0;1;0;-1;-1;0
-1;1;0;1;0;0;1;1;0;0
-1;1;0;1;0;0;0;1;1;0
-1;1;0;1;0;-1;0;1;-1;0
-1;1;0;1;0;-1;0;-1;1;0
-1;1;0;1;-1;0;1;-1;0;0
-1;1;0;1;-1;0;-1;1;0;0
-1;1;0;0;0;1;0;1;1;0
-1;1;0;-1;1;0;1;-1;0;0
-1;1;0;-1;0;1;0;1;-1;0
-1;1;0;-1;0;1;0;-1;1;0
-1;1;0;-1;0;-1;0;1;1;0
-1;1;0;-1;-1;0;1;1;0;0
-1;1;-1;1;1;-1;0;0;0;0
-1;1;-1;1;-1;1;0;0;0;0
-1;1;-1;0;0;0;1;1;-1;0
-1;1;-1;0;0;0;1;-1;1;0
-1;1;-1;0;0;0;-1;1;1;0
-1;1;-1;-1;1;1;0;0;0;0
-1;0;1;1;0;1;1;0;0;0
-1;0;1;1;0;1;-1;0;-1;0
-1;0;1;1;0;0;1;0;1;0
-1;0;1;1;0;-1;1;0;-1;0
-1;0;1;1;0;-1;-1;0;1;0
-1;0;1;-1;0;1;1;0;-1;0
-1;0;1;-1;0;-1;1;0;1;0
-1;0;0;1;1;0;1;1;0;0
-1;0;0;1;0;1;1;0;1;0
-1;0;0;1;0;1;0;1;1;0
-1;0;-1;1;0;1;1;0;-1;0
-1;0;-1;1;0;1;-1;0;1;0
-1;0;-1;1;0;-1;1;0;1;0
-1;0;-1;-1;0;1;1;0;1;0
-1;-1;1;1;1;-1;0;0;0;0
-1;-1;1;1;-1;1;0;0;0;0
-1;-1;1;0;0;0;1;1;-1;0
-1;-1;1;0;0;0;1;-1;1;0
-1;-1;1;0;0;0;-1;1;1;0
-1;-1;1;-1;1;1;0;0;0;0
-1;-1;0;1;1;0;1;-1;0;0
-1;-1;0;1;1;0;-1;1;0;0
-1;-1;0;1;0;1;0;1;-1;0
-1;-1;0;1;0;1;0;-1;1;0
-1;-1;0;1;0;-1;0;1;1;0
-1;-1;0;1;-1;0;1;1;0;0
-1;-1;0;-1;1;0;1;1;0;0
-1;-1;0;-1;0;1;0;1;1;0
1;1;0;0;1;1;1;0;0;0
1;1;0;0;0;1;1;1;0;0
1;1;0;0;0;1;1;0;1;0
1;0;1;1;1;0;0;1;0;0
1;0;1;1;0;1;0;1;0;0
1;0;1;1;0;0;0;1;1;0
1;0;1;0;1;1;0;1;0;0
1;0;1;0;0;1;1;1;0;0
1;0;0;0;1;1;1;1;0;0
0;1;1;1;1;0;0;0;1;0
0;1;1;1;0;0;1;0;1;0
0;1;1;1;0;0;0;1;1;0
0;1;0;1;1;0;1;0;1;0
0;1;0;1;0;1;1;0;1;0
0;1;0;0;1;1;1;0;1;0
0;0;1;1;1;0;0;1;1;0
